{
    "accuracy": 0.7142857142857143,
    "precision": 0.509090909090909,
    "recall": 0.6222222222222222
}
